,cost,productivity,value,area
0,-0.13511122949529625,-0.13413896844381648,-0.14385003267317908,-0.13653464195272974
1,4.333567583071355,4.302383210086853,4.6138566035175135,4.379222219669033
